2026-04-18 16:06:29,192.168.10.132,ffeded
2026-04-18 16:12:39,192.168.10.132,ffeded
2026-04-18 16:14:24,192.168.10.132,ffeded,
2026-04-18 16:15:25,192.168.10.132,ffeded,vfcdxs
2026-04-18 16:20:59,192.168.10.132,tetst,cdcd
2026-04-18 16:27:23,192.168.10.130,test,cfdce
2026-04-18 16:33:45,192.168.10.130,test,vrcd
2026-04-18 16:33:49,192.168.10.130,test,vrcd
2026-04-18 16:33:49,192.168.10.130,test,vrcd
2026-04-18 16:34:34,192.168.10.130,test,vrcd
2026-04-18 16:35:43,192.168.10.130,test,vrcd
2026-04-18 16:35:46,192.168.10.130,test,vrcd
2026-04-18 16:35:47,192.168.10.130,test,vrcd
2026-04-18 16:35:48,192.168.10.130,test,vrcd
2026-04-18 16:43:05,192.168.10.130,test,cdcdcdxs
2026-04-18 16:43:17,192.168.10.130,test,cdcdcdxs
2026-04-18 16:43:57,192.168.10.132,cdv,fcd
2026-04-18 17:05:12,192.168.10.130,cdcdcd,vfcd
2026-04-18 17:05:48,192.168.10.130,cdcdcdcdd gvfcd,vfcd
